Id,Snow Depth [cm]
0,0.07624338982476356
1,-0.06124156824722923
2,-0.1588789755836653
3,-0.07410151821354083
4,-0.1335575795967723
5,0.014859473198812485
6,-0.05793922732071566
7,0.12201621691328499
8,0.269287166809404
9,-0.10790581422458861
10,-0.15189015710930284
11,-0.1671439625265555
12,-0.027917130841086716
13,0.0768409240670126
14,-0.007684591605432119
15,0.13223599626437876
16,0.1074315517057319
17,-0.11176904132112866
18,-0.12273574580396795
19,-0.05996655813636609
20,-0.014975758475568007
21,-0.09911151000020021
22,0.10732996064652475
23,-0.05132947794421895
24,0.025814858989942548
25,-0.019212462176651568
26,0.09700308101873276
27,-0.16183491386112472
28,-0.04695886070580445
29,-0.04748819268702373
30,-0.06657616117336636
31,-0.09970603943750911
32,-0.05598285678494265
33,-0.03501129047856897
34,0.13991257559688636
35,-0.9135913537803018
36,0.054349899593066804
37,0.09191189638031882
38,0.12399503332599526
39,-0.11297061484533213
40,-0.01373006463279599
41,-0.013926354664058914
42,0.013413320500738728
43,0.11198695039321116
44,-0.11195287899993323
45,0.16664001310258864
46,0.043817657982915266
47,-0.13215801955381748
48,0.0011603434929174788
49,0.02800710719826629
50,-0.24627024391322977
51,0.05973373143632053
52,0.22671860074429925
53,-0.06929265899407075
54,-0.08549715743994676
55,-0.050026377229069045
56,-0.009277207552381768
57,-0.0677782994889881
58,0.034281157696894514
59,-0.3566403856308679
60,-0.0522384280938021
61,0.12075871778648728
62,-0.14237690067508144
63,0.06689442793942946
64,-0.4569130078277912
65,0.05248614790812207
66,-0.23012092693407782
67,0.14508829783317678
68,0.0008026757634772147
69,-0.1451725303727935
70,0.011672341568969104
71,-0.364029192272268
72,-0.015982073671746803
73,-0.32763794812296
74,0.04850040938319259
75,-0.19941039383433745
76,-0.04008555224185734
77,0.0728036236300656
78,-0.09751249485134972
79,-0.17205931415829556
80,0.10645024563392105
81,-0.20518298624607917
82,-0.08308272636471543
83,-0.17818336033065774
84,0.048815157670135854
85,0.07624615635694032
86,0.2582741184123708
87,0.1456867235895581
88,0.15965276114965715
89,-0.04825478066359392
90,0.08773566293751381
91,0.0959867119352214
92,-0.022182416191225535
93,0.03179296176044653
94,-0.19898527721534573
95,0.05394417262408827
96,0.050754515893126496
97,0.02003566958798097
98,-0.12705374409111975
99,0.014818872128865963
100,-0.1999189801285029
101,-0.09245754377244966
102,-0.015972134341050416
103,0.11503242264787233
104,0.035592076242771865
105,-0.07632344906328707
106,-0.13657280062560048
107,-0.07988186281488774
108,-0.001252698678338278
109,-0.22097545834799484
110,-1.5455163365361042
111,-0.05971208163689773
112,-0.007832912197634184
113,-0.2834301448852615
114,-0.0644580133609736
115,0.13709786494559478
116,0.012375717167139332
117,-0.06271823695399693
118,-0.010112401330646184
119,0.12623859858074993
120,0.015777973563408675
121,-0.2580314146431409
122,0.03317445367118924
123,0.07598888381888197
124,-0.13632621312727733
125,-0.16394200487579275
126,-0.002159517208486242
127,-0.5112088988565472
128,-0.08203481218488926
129,-0.03626630852471067
130,-0.006312913919366607
131,0.035053371819407896
132,0.1252808958768839
133,-0.08851061150710234
134,-0.07898811153958346
135,-0.22662443313665162
136,0.009579783641739559
137,-0.12502981867211893
138,-0.20381876325500445
139,0.01997796893930482
140,0.06634714704190406
141,-0.14076168808628894
142,-0.047867351483036814
143,-0.17034766777707264
144,0.1918412861987109
145,0.1594382791124317
146,-0.18744103251594227
147,-0.05697110029165262
148,0.07473680052528697
149,0.1652143013437026
150,-0.0855292251703465
151,-0.12192267984536354
152,-0.039634378347251815
153,-0.2016448532122115
154,-0.34974284662669186
155,0.1741193827231808
156,-0.20357076279318514
157,-0.2354305283576859
158,-0.11492757355787037
159,-0.16179521624395318
160,-0.08903585509592024
161,-0.015510081916163355
162,0.019037662199305326
163,-0.207908447218604
164,-0.1221438517491428
165,0.01040173969883311
166,0.10626927529941316
167,0.06722760627064994
168,-0.09356251485276665
169,-0.40316363844276376
170,0.11804923181219426
171,-0.16719735126065607
172,-0.10180643000687231
173,-0.0022524262021382455
174,-0.11465027616670717
175,-0.10047444391327676
176,0.020446482810175616
177,0.06558483889088584
178,-0.2388183219959149
179,-0.05112638206122848
180,-0.1110095854357161
181,0.052186198316831224
182,0.21763746060260422
183,0.10641777511977196
184,0.009430954655143431
185,0.10617184482114167
186,-0.0874303602685419
187,0.04534626193347336
188,0.00133469096026137
189,0.08486727171703243
190,0.12445140184651426
191,-0.054692941314280256
192,0.10975645856395125
193,0.3994493676824248
194,-0.13231335772200864
195,-0.09881436071249733
196,-0.222024437776627
197,-0.0797251281152046
198,0.054310063747092165
199,-0.15977149299510285
200,-0.23725186461396436
201,0.1352773088061987
202,0.18091932725950194
203,0.103917051725196
204,-0.4010069710629247
205,0.05874337637103164
206,0.05079678987911896
207,0.02078344198722925
208,-0.12944947265915746
209,-0.0033543878739144203
210,0.054899680880574085
211,0.016472843018708543
212,-0.22781685723486478
213,0.07173186628854908
214,0.01961956970302129
215,-0.13032120196629784
216,-0.17161918593450262
217,0.05709019797662113
218,-0.01592618653184974
219,0.0713400046837635
220,-0.5375614122498075
221,-0.10724099545549931
222,0.02007154457301536
223,0.033750942639925986
224,-0.07140967220311303
225,0.09475064288919521
226,-0.05088460426180068
227,-0.12546767620252156
228,0.009886892221999857
229,-0.1885574599823338
230,0.08920651938013244
231,0.04420715734214826
232,-0.11808442544501227
233,0.1204990056200973
234,-0.24330170674448182
235,0.02587435324961216
236,-0.0805075954717479
237,0.1328408104290525
238,-0.06397388074286521
239,-0.026197291327681678
240,0.008392411724966325
241,-0.16320836534633973
242,-0.07930221435451518
243,-0.0467831717359035
244,-0.040793685816626374
245,-0.05270448446244752
246,-0.021808766236076717
247,-0.2263539591616925
248,0.08512556544768352
249,0.10657173275572746
250,0.1750532897263083
251,0.028227503719152926
252,-0.284698234147333
253,0.016190454529562477
254,-0.07743539895105675
255,0.14514998622958464
256,0.12832048794774045
257,0.11040082339733107
258,-0.11616363390480153
259,-0.06032588462637363
260,0.004144031001603821
261,-0.024993125395190274
262,0.04188790867417013
263,-0.11432572023719229
264,-0.019355877987762643
265,-0.19073835991626203
266,0.17049688838972732
267,0.019060438454925145
268,0.06059860592899948
269,-0.021764967710793236
270,0.05786027011339196
271,0.05640527952192701
272,0.02814101888607381
273,0.04519033680295582
274,-0.21313561376671453
275,-0.053098459967791445
276,-0.03903793273126892
277,-0.036470617992173895
278,0.034123959784615056
279,-0.3664181761611246
280,-0.22369159008011175
281,0.0989137385528987
282,0.11695006497431845
283,-0.0029088272485261954
284,0.09414192034404542
285,0.01870929037961109
286,0.05545091866024363
287,-0.09195173351086297
288,-0.06549120221985243
289,-0.0166674941222558
290,-0.1571341452588556
291,0.02513953814131529
292,-0.16083237461725136
293,0.08710780389794426
294,0.07077802840442446
295,-0.08732791899531653
296,-0.014131507279348622
297,-0.14511536084823956
298,0.07158228179194942
299,-0.2039362240763226
300,0.1202160359238581
301,0.17601039946698127
302,0.07594793523410512
303,-0.13737164578409577
304,-0.20802227798139966
305,-0.043029038426494866
306,-0.11788286844369525
307,0.05664731986375498
308,0.03573434672370918
309,0.1596995354319306
310,0.0837638171530044
311,-0.04477058796731828
312,0.05354373498660236
313,-0.5003452079524721
314,0.12914010707652554
315,-0.05499621915434781
316,0.004635544797774019
317,-0.19527402303156152
318,-0.030506753138832717
319,0.06635888207293153
320,-0.15165881144671764
321,0.062311864005598634
322,-0.09952838835758356
323,0.183076831837647
324,0.09275517286713769
325,-0.004220234193176554
326,0.05932154385166114
327,-0.3451082212040461
328,-0.27135297039854134
329,0.06274962918568139
330,0.14093030266229145
331,0.03220524992804063
332,0.1888714346893548
333,0.06361425946870791
334,-0.43314764621599033
335,0.12435099979252828
336,-0.3139202841238824
337,-0.03420450300971292
338,-0.2569758996683558
339,0.01611107083992456
340,-0.3646364652921708
341,-0.5387580614031638
342,0.12909720552450799
343,-0.1242243014475361
344,-0.3255311887518566
345,0.11172206201828996
346,-0.21175817696031407
347,-0.010180743065243025
348,0.13212677453205499
349,0.05185259035335698
350,-0.03801196907323216
351,-0.013460132865661549
352,-0.029194103731516666
353,-0.07842047546061424
354,0.08647581907432858
355,-0.09406978235620977
356,-0.19649913532904423
357,-0.07901552962349015
358,-0.09831517935775311
359,0.061567995077667394
360,0.030219442306954884
361,0.046071211299911534
362,0.13944244171746775
363,0.12203166545859342
364,-0.19215971956613478
365,0.03723065544150212
366,-0.14129279365706315
367,0.022582737141726046
368,-0.16950446566247976
369,0.011730415381870925
370,-0.010440099912224436
371,-0.10347163446365612
372,-0.2095665018305781
373,-0.08058305698046724
374,0.021617287561010508
375,0.052499721780051446
376,0.0023479203734108334
377,-0.002470695240530285
378,-0.22303249224491561
379,-0.1518336071559516
380,0.12008900129943362
381,-0.13921651116048028
382,-0.0974409558990051
383,0.0054943808711669095
384,0.21619775914644976
385,0.006803054794875321
386,-0.046705981407772795
387,0.11681145986364691
388,-0.03699600431057076
389,-0.12158492360304685
390,-0.22238875105340458
391,-0.29572621420370504
392,-0.010818405150677793
393,-0.17335919904747196
394,0.02414289074518431
395,0.07543236047233645
396,0.11539681808541777
397,0.11332387507660532
398,-0.28327115463952446
399,0.021798017574393654
400,0.14211093042748868
401,0.05633050071193672
402,-2.0780007521929127
403,0.14206871321726872
404,0.006689590753850741
405,-0.30709865127404096
406,-0.1344453839930234
407,-0.0979432310414847
408,-0.011713895866045633
409,-0.20383145890854368
410,-0.3382487616828277
411,-0.021273865503689125
412,0.04799663273405611
413,-0.16088702514700087
414,0.032291282523938654
415,0.08825687701168189
416,-0.00986374487458714
417,0.0643636674042623
418,0.05397008292561837
419,0.04803902633541402
420,-0.060532486016300596
421,0.06981915337322211
422,0.02448088115282713
423,-0.17870417641863245
424,0.058628189549627625
425,-0.031249452612893937
426,0.06414689147596694
427,-0.13185238321733989
428,-0.13005064322420212
429,-0.1761576342578902
430,0.08795956275915018
431,0.056289437728948226
432,0.1276032321314411
433,0.15615059756023703
434,-0.1733114005378904
435,0.06812671495701908
436,-0.28928493766280544
437,-0.1764875422427168
438,-1.2364219366548315
439,0.017193507655895134
440,-0.0315206364065017
441,-0.10236599853951478
442,-0.16210719487468844
443,-0.06751412539973285
444,-0.210479287363776
445,0.1677445691703744
446,-0.033089151075260725
447,0.04718068322120796
448,-0.13863449570607864
449,0.031223137741164066
450,-0.08179983419061175
451,0.001634784619205451
452,0.05606035592572071
453,0.07381125615684025
454,0.0426122340356525
455,-0.24986804842843918
456,0.03367385189857403
457,-0.7216891741796925
458,-0.04196460933771841
459,0.030718393615161883
460,0.11035066374896738
461,-0.3271781965093226
462,0.1012208040746399
463,-0.11795527004373105
464,-0.054547691853961744
465,-0.16368959696479674
466,-0.09922670605377568
467,-0.1254370528448666
468,0.0006367160568331032
469,0.07892321104788824
470,-0.1099199552034068
471,-0.1381884829092042
472,0.11480654310000396
473,-0.061868986149352725
474,0.18955135831026998
475,-0.10607293038405397
476,0.12773893307009004
477,-0.13910091355849122
478,0.06455423593563275
479,0.1931185909851632
480,0.01833059289975581
481,0.10966255896522581
482,-0.040741716862695655
483,0.05381337109513521
484,-0.192870530162306
485,0.13931476614341673
486,0.22669210678895343
487,-0.1550036606826002
488,0.0615136434507599
489,-0.11755207041170024
490,0.05006424395015872
491,0.06641647558440383
492,0.03849657275932206
493,0.09479016511344504
494,-0.5388680630398488
495,-0.8333451108121147
496,-0.18018912266903533
497,-0.08567216507385414
498,0.11943795759694115
499,0.08635179004998422
500,-0.1448784875948324
501,0.0039101278375954646
502,0.20879931591683934
503,-0.00620042194407306
504,0.1644384628048814
505,-0.2559951784194166
506,-0.0834890956020925
507,0.132164837916662
508,0.04914301254185014
509,-0.01739503276564839
510,0.146888566783253
511,-0.041325656735872775
512,0.1116793790736619
513,-0.019149422290528885
514,0.06937943958175596
515,-0.18564660416529838
516,-0.11280620928000001
517,0.10182744303822686
518,0.14860036910605007
519,0.14963625265876251
520,-0.1320133817287151
521,0.036925025046420874
522,0.27590723478202644
523,0.01367482998418288
524,0.017830995648228203
525,-0.09028346387622181
526,-0.01994580870798327
527,-0.42044589483327005
528,-0.20223816583609294
529,0.04801462709750643
530,0.041005115290262774
531,-0.03472471011268238
532,-0.37952288062944084
533,-0.0840780912425071
534,0.00639612154347028
535,0.06453352375723773
536,0.2284743295132384
537,-0.011663285490661396
538,-0.03280201547668897
539,0.11449056464036095
540,-0.06356294071493712
541,0.064502347286099
542,0.0749947140395634
543,0.22703075282436538
544,0.005768387639618511
545,0.03952163537467777
546,0.11776534771958558
547,-0.16227557275638346
548,0.06059766829223771
549,0.07498992283786698
550,-0.08240432732363995
551,0.14363501984656168
552,-0.07526718852229322
553,-0.16343094651242146
554,-0.301599800622164
555,0.27400869807665457
556,-0.1325133744062879
557,0.140970709891876
558,0.07149283928930547
559,0.03798907794232426
560,-0.09309581915033963
561,-0.14884695471801848
562,-0.10857159123635438
563,0.062031194982450334
564,0.05175990551195311
565,-0.01255459390178456
566,0.12160962750989313
567,0.15143139698054797
568,0.025147898124174013
569,-0.3487185908511564
570,0.02357232432639026
571,-0.03291865231987409
572,0.10645487218938846
573,0.02661632213564289
574,0.0019258473165816026
575,0.0037688701526641666
576,-0.4601321737404538
577,-0.1067660131082224
578,-0.11355337234651815
579,-0.18883114836194256
580,0.1071438555179497
581,0.039379142967964346
582,-0.08308636941162603
583,0.1318623974475563
584,0.1692958886165581
585,0.01665137563115166
586,-0.11106095994823478
587,-0.10336748687580372
588,0.07271296744074288
589,-0.07230192975901897
590,-0.05248616522785128
591,-0.22930135629925344
592,-0.0015767050553124329
593,-0.07744021050363974
594,0.016055495213938557
595,-0.45442855074817706
596,-0.0696830552283308
597,-0.2263860963428136
598,-0.22992855218737787
599,-0.047182054853111166
600,0.09474934212894623
601,0.03931802503762804
602,-0.07814018136086907
603,-0.1042531736249368
604,-0.12611266740123658
605,-0.17470122101053043
606,-0.15267859217048502
607,0.004003463806080514
608,-0.05499273861367991
609,0.010843051467196371
610,0.009760327322547793
611,-0.4333013833733411
612,-0.26701693733363285
613,-0.07644492570424725
614,-0.0690790012779434
615,0.003502072295978001
616,0.00710095182553129
617,0.0895394520145315
618,-0.03396519389678167
619,-0.0692538112777298
620,-0.4762873717225912
621,0.059378716078680595
622,0.031044407862044064
623,-0.03781744148943766
624,-0.034730085196938904
625,-0.17001143369023564
626,-0.15185235542019945
627,-0.12779925514356602
628,0.07654785840580525
629,-0.10962398800426687
630,0.04708928897771215
631,-0.21525993950053177
632,-0.04056761800057926
633,0.37012197651094014
634,0.003147297172118625
635,-0.10909643260874466
636,-0.22925247660607653
637,0.03327049743758214
638,-2.4416204858160833
639,0.046382074090430415
640,0.05243354731240558
641,-0.0707288600194435
642,-0.18881146379291036
643,0.04015036856549723
644,0.012499726046694463
645,0.03908761338857123
646,-0.20711872900289774
647,-0.00869546306364935
648,-0.28077400023112553
649,-0.14418383601330523
650,0.0018512716074685909
651,-0.033733359727436824
652,0.017599412311186717
653,-0.021425333159465584
654,-0.06490591898636125
655,-0.03661906895037517
656,-0.0032501281314738506
657,-0.21393976062837072
658,-0.014914902652160403
659,0.060394182563417616
660,0.05872510211873692
661,0.11258924205216861
662,-0.22504420430303268
663,-0.09386769267776107
664,-0.06622677937831885
665,0.005189006202630825
666,-0.05937903075322455
667,0.25371358412937606
668,-0.047604816139090546
669,0.06866991127173613
670,0.05460714051026922
671,-0.11615363027079464
672,0.112240855871651
673,0.08191815608192357
674,-0.4780095513774207
675,-0.2169073825313291
676,0.03269670407874722
677,-0.21678209921162206
678,-0.04927413938670912
679,-0.02848902923889964
680,0.03897219291943906
681,-0.16264408597192392
682,0.048846957267213074
683,-0.009039341902011458
684,-0.03495283309144659
685,-0.11499698323302743
686,-0.06420042904827362
687,0.08201434389672521
688,-0.07403860544006943
689,-0.00427250913171779
690,-0.04771436955479727
691,0.021252513384909542
692,-0.11758242351818368
693,-0.00152038895191986
694,0.09994971918797141
695,0.12511945250203121
696,-0.12947597677241013
697,-0.08488015088155756
698,-0.10866385273414925
699,-0.2034873240622045
700,0.009564880569561042
701,-0.019698384937880682
702,0.049925975106050506
703,-0.013719715351689574
704,-0.40235890803288665
705,-0.6551548628719306
706,0.19980546853369566
707,0.045983789389351666
708,-0.16483099858910122
709,0.13162271523823016
710,-0.04208644304872977
711,-0.07692965611790709
712,0.060870195184000546
713,0.15412457317091463
714,0.006454095261641854
715,0.004125907163432432
716,0.05409657488181998
717,-0.546574960937414
718,-0.12113441943957956
719,0.030302154607094907
720,-0.11982479733765691
721,-0.04856194786736456
722,-0.08918079090277689
723,0.07770140047352059
724,-0.06452858107955464
725,-0.1985249786291457
726,-0.1501469647991251
727,-0.09319985892415203
728,-0.012371854482634559
729,-0.15941307745094666
730,-0.09359837797789321
731,0.1071213840080241
732,-0.041371322274899154
733,0.1150627274735424
734,-0.2619516702873979
735,0.061608307934190844
736,-0.10010632097208488
737,-0.3480548423284484
738,0.11843820340754024
739,0.08177136751352967
740,0.08801350365588265
741,-0.0010308526538497786
742,0.07365831657790628
743,0.08923712174136306
744,0.09661580418076873
745,-0.14729331963381243
746,-0.06747783256192699
747,0.1211265154658751
748,-0.16866833768624928
749,-0.11513041297172694
750,-0.14304789850153135
751,0.007033815214158454
752,-0.11330394853215119
753,0.11011645479795479
754,0.20236505610909514
755,0.03796253528820701
756,0.06359196161213751
757,0.016814833830330396
758,0.0074805327562361135
759,-0.008849313181075888
760,0.15518482682626838
761,0.04813874467923388
762,0.12172466868404214
763,-0.0598928669131711
764,-0.09568968078436418
765,-0.11748489655602601
766,-0.1956465961022659
767,-0.1726341379848163
768,-0.0980219178890587
769,0.019923471648203427
770,-0.24113772369831987
771,-0.15044189973105185
772,0.022715312583060705
773,0.03359649022858941
774,0.18548962485035783
775,0.04890749096742129
776,0.15117981393152086
777,0.053451924306745995
778,-0.1344814189775021
779,-0.2244805059119784
780,0.05597163687931587
781,0.1526988430036138
782,-0.19975263992287487
783,0.009557941047467808
784,0.07233305233658255
785,-0.10942385696035908
786,-0.14012918616476758
787,-0.04392109197429329
788,-0.05241755959276884
789,0.11883550800105344
790,0.12317598252941128
791,-0.007044414853380941
792,0.009296200563775413
793,0.10693195797329061
794,-0.21697180511052122
795,-0.4061898921447644
796,0.04706933031038812
797,0.07473584082095902
798,-0.13970935684242283
799,0.051863023392214554
800,0.048298645269577396
801,-0.43489346936536394
802,0.08744776474365112
803,0.08944822101812722
804,0.0048096889433079035
805,0.0013074717964956031
806,-0.6296647481588628
807,0.09798006382797941
808,-0.09329654827930717
809,0.10670903072827195
810,0.03022399467997087
811,-0.002625125336612813
812,-0.22756107074478177
813,0.1093091803147262
814,-0.0683929316196428
815,0.08401008045314073
816,0.13928664299853544
817,-0.01974789448781092
818,0.053541228516644244
819,-0.006977376045262586
820,0.06937164717289832
821,-0.07711901764632709
822,-0.00048774281734331043
823,-0.035734586880840885
824,-0.21377354646911373
825,0.09797146636920318
826,-0.07177341447327829
827,0.0136560078076235
828,-0.058829969287686676
829,-0.10762337070661711
830,-0.05743851070733062
831,0.09007082415982795
832,-0.7176039621000243
833,0.01579244560770008
834,-0.1466112435616204
835,0.17908858495555652
836,0.011711899197313032
837,0.025837850357826327
838,0.19686320088692771
839,-0.4295244667113149
840,0.07772842249743503
841,-0.04129801127852133
842,-0.007546780947968228
843,-0.008722904539333332
844,-0.03888419405997145
845,-0.03377838870739533
846,0.08718211144603921
847,-0.019157157417046967
848,-0.15789787807704236
849,0.09131977424000187
850,-0.12400035461736042
851,-0.0027238643460335762
852,-0.014937065573277654
853,-0.12268036214047329
854,0.18861324512304267
855,-0.14378984691694513
856,-0.08843926372337868
857,0.022760721108707645
858,0.0766247752021276
859,-0.18322670849908737
860,-0.13662039146099703
861,0.10440343421424622
862,-0.11548324903600665
863,0.13237020969534177
864,-0.175231610389538
865,0.08774443823561923
866,0.08596122112282928
867,0.0747768416060991
868,0.13701902045609954
869,-0.006682580322480938
870,-0.019150038251863857
871,0.16811780273276658
872,0.14101169341924008
873,-0.09799539578689939
874,0.04682310714658664
875,0.0042135981268306005
876,-0.08104403977845817
877,0.058375601934230394
878,-0.0036258301719147845
879,-0.10940695104447773
880,0.04249631448869578
881,0.040222899495012295
882,-0.08489971065870333
883,0.10641222553388474
884,-0.39612539521552476
885,-0.04542232282091841
886,-0.12973158634279378
887,-0.06965895243755722
888,-0.03139249084919775
889,0.07520257688027626
890,0.12301366526913893
891,0.05638137578134334
892,-0.21493736576372394
893,0.06701193970754935
894,-0.05776681640576201
895,-0.07575147445692541
896,-0.4312297703576243
897,0.012862818431043067
898,-0.12264324447986866
899,0.09698161026192759
900,0.02450274864148686
901,-0.2268795651869566
902,-0.01578715124280891
903,0.2824571359473691
904,-2.4518777214990375
905,-0.1587944764610573
906,0.23579744690934437
907,0.11469893189316849
908,-0.13584684157725122
909,-0.14179683726985828
910,0.1408930713369264
911,0.11600071909262599
912,0.032669251152357116
913,0.03918590886141333
914,0.0849260480376077
915,-0.9775095093959624
916,-0.02743519962387701
917,-0.10075228638981167
918,0.18029907272759668
919,-0.1410337892143251
920,-0.07906478825832787
921,-0.12084766421716886
922,0.07641281132382444
923,-0.977073850083685
924,-0.1569479474938571
925,-0.1683921075816615
926,-0.38471145096888415
927,-0.12636045831628953
928,0.040808180096826414
929,-0.14888661457614288
930,-0.22658762289528225
931,-0.004314582196132892
932,-0.0465544828980481
933,0.011711995202708554
934,0.2851140893712732
935,-0.0015492082823933342
936,-0.14382454150636442
937,0.19011431390377848
938,-0.10458214059809137
939,0.07594239798381391
940,0.08364095011913125
941,0.049582883364164866
942,0.011208445658456752
943,0.13669293415875322
944,0.1254230197187316
945,0.07998775784048306
946,0.09592734547489357
947,0.10042842082459957
948,-0.08623964717684451
949,0.08815165214892365
950,-0.19841223520133477
951,-0.08048449730913793
952,-0.10051582107665588
953,-0.13191158298347994
954,0.08063939111938098
955,-0.06443985112842496
956,-0.384105115650644
957,-0.11507258348042737
958,0.03697957911863076
959,-0.09877023877583532
960,-0.11372889022071861
961,-0.12236466377116997
962,-0.38551872054227626
963,0.10514686814439303
964,-0.15704257497862223
965,0.2589256955400418
966,-0.05104670175490775
967,0.13065238609398327
968,-0.27406075124243784
969,0.0652897809007578
970,-0.05538304567054589
971,-0.14400471268308046
972,0.1628358407704958
973,0.12065993577328793
974,-0.24769082927393615
975,0.07653520184391377
976,0.051670693715059925
977,0.04652172553290789
978,-0.0797185039731671
979,-0.07609205601902853
980,-0.3959657180239794
981,-0.49589726304811615
982,0.08296518912369993
983,0.18587799925275772
984,0.18114874017316285
985,0.03808039634671235
986,-0.15178906694306746
987,-0.026472017080649786
988,-0.18204544192642205
989,0.09364507665599756
990,0.12182215945004954
991,-0.21965553256467846
992,-0.0049577313576177895
993,0.09483542911986176
994,0.1108073005258089
995,-0.07669164185445057
996,0.00524064622768855
997,-0.03276449501197823
998,-0.3678557900042401
999,0.07756446567643274
1000,0.11629811160106301
1001,-0.08761248011985265
1002,0.06507716646812803
1003,-0.020198694287666383
1004,-0.0723074454240015
1005,-0.10904536744145191
1006,0.1530867500039574
1007,-0.07441976831198568
1008,-0.0028910847576168394
1009,-0.17646773652463704
1010,-0.0065122785623119295
1011,0.026365345951947734
1012,0.10449296447474793
1013,0.10946467420603384
1014,-0.020893890887896217
1015,0.06496836052643404
1016,-0.07537626831628035
1017,0.04985914014887261
1018,0.12939199155602624
1019,-0.0079450339398636
1020,0.09955433966506019
1021,-0.14122162244531594
1022,-0.053816364430316774
1023,-0.060713866428720606
1024,0.12477563063526781
1025,0.01303271499190655
1026,-0.10903700556937473
1027,0.10969654328377254
1028,0.08533603475377272
1029,0.06336078446353885
1030,0.1619799186147501
1031,0.04799329371135735
1032,-0.07607669991763114
1033,0.06252771227341647
1034,0.06678822555963121
1035,-0.0205837862886145
1036,0.02398253632892857
1037,0.06305347471582465
1038,-0.14444598486438928
1039,0.14845889473884494
1040,0.059316575113747556
1041,0.13573735011815763
1042,0.01381822334047484
1043,-0.08669931531344352
1044,-0.20036183957234666
1045,0.008304286918695725
1046,-0.1857542494218135
1047,0.09566300522810717
1048,-0.25867282524141066
1049,-1.0559045031447154
1050,-0.08635258953407739
1051,-0.25503862416585066
1052,-0.1859781312733021
1053,-0.1947428154815358
1054,-0.040006493342514785
1055,-0.11379630239922092
1056,0.029666438168118543
1057,0.04224557822070447
1058,0.05807449602217916
1059,-0.13983305111715452
1060,0.20492606002917688
1061,-0.18171578737404018
1062,-0.10756454029991652
1063,0.0006459149265375316
1064,-0.4324527601732147
1065,0.0919605343077014
1066,-0.18618616307672836
1067,0.03172031999491221
1068,-0.12960590137630892
1069,-0.040969732033912146
1070,-0.06536204808880115
1071,0.15636432483895926
1072,-0.3577596474899888
1073,0.06226119324237795
1074,0.020304191918553545
1075,-0.06267252016396804
1076,0.15739161674884652
1077,-0.17390897722929494
1078,-0.2745766218173338
1079,-0.12186285010491313
1080,-0.016630479600861947
1081,-0.12524941732931022
1082,-0.09679945534190319
1083,0.2841511450545789
1084,-0.7206171627650231
1085,0.16941352945492763
1086,-0.004030551314423252
1087,-0.155162628684763
1088,0.05438956388149064
1089,0.03099525540263285
1090,-0.015656184952525652
1091,0.03955820089004409
1092,-0.1268927120074057
1093,0.05478094950927414
1094,-0.27572244851324856
1095,-0.02317662123695474
1096,-0.18877465454813305
1097,-0.1691586022145622
1098,0.05081054003306416
1099,0.05681420875791627
1100,-0.057086478080000606
1101,-0.07736131161716064
1102,0.14443338084699398
1103,-0.11045124247834989
1104,0.15881310298209433
1105,0.0939121910942505
1106,0.15670854798673617
1107,-0.11739466253942707
1108,0.11573733392231639
1109,0.14155420323082468
1110,0.11914432165889996
1111,-0.08853807727605106
1112,0.01746463554745354
1113,-0.09591890292179121
1114,0.051713722771735436
1115,0.006514449466889928
1116,0.12549014672247247
1117,0.0649821986994612
1118,0.06323039941592001
1119,-0.03302001683998597
1120,-0.43525657788777705
1121,0.08259142443086179
1122,-0.3578828414208188
1123,0.1171199769896139
1124,0.006254018708895581
1125,0.02831169447467307
1126,0.06000945319260657
1127,-0.026946448059006332
1128,-0.3045755500906523
1129,0.09800349538807548
1130,0.26039910543459077
1131,0.04272985078957748
1132,-0.12910810263672046
1133,0.06481275587838825
1134,0.15326942124943158
1135,0.043148750870767354
1136,0.20082136353869953
1137,-0.08859149656283136
1138,-0.23424560682026924
1139,0.2654148434553429
1140,-0.18975357395056788
1141,0.09383817915427625
1142,0.29228810460283366
1143,-0.02904563549542184
1144,0.00542658557935425
1145,-0.031794261592931874
1146,-0.17858954508846633
1147,-0.1656718721252589
1148,0.05958414154646383
1149,-0.0968311898727778
1150,0.08307742271226379
1151,0.010715680921502838
1152,0.14368561207679242
1153,-0.5229089219162617
1154,-0.04792065002631258
1155,0.03455591320379523
1156,0.05497103539439507
1157,-0.10038046936178838
1158,0.05737216160074677
1159,-2.0535603881873112
1160,0.1451270756630164
1161,-0.12223881870091038
1162,-0.16575917103260543
1163,-0.471455104714774
1164,-0.09230593648460586
1165,-0.24502824294722708
1166,0.06524863737781328
1167,0.004678159367272713
1168,-0.007199524056592195
1169,-0.11020095639505695
1170,-0.2013525971426416
1171,-0.0990422327090577
1172,0.07704523697209595
1173,0.2722817068910699
1174,-0.09181640820063515
1175,0.18744540217218209
1176,0.11103972700546313
1177,-0.454259143511318
1178,-0.24906338787812177
1179,-0.08534395666649805
1180,0.07087673357644872
1181,0.06075532333958537
1182,-0.1082239160274599
1183,-0.08198212682080647
1184,-0.43441655513981975
1185,-0.06446845193724578
1186,-0.3796910376666767
1187,-0.14153623223550998
1188,0.06579644957335232
1189,-0.2181306639989351
1190,-0.01897829850612298
1191,-0.17044985035525542
1192,0.12282651080601872
1193,-0.27299749216904634
1194,-0.04552615158510938
1195,0.053151909191835135
1196,-0.11772981856481834
1197,-0.10733446149530873
1198,0.04805254404946994
1199,0.05008824055780279
1200,0.12027521902188923
1201,0.0461054056067565
1202,-0.2518611693268369
1203,-0.12743822946671574
1204,0.003076339209637971
1205,-0.06596914534967789
1206,-0.19139704317843786
1207,0.05884576855728408
1208,-0.013075255260656414
1209,-0.36940014751027017
1210,-0.09377306085634002
1211,-0.03162274384345601
1212,0.02182558078254667
1213,0.041268809295706456
1214,-0.06316181019905794
1215,-0.0383469098437196
1216,0.10328156433664898
1217,-0.15430675041266254
1218,-0.21132748812050112
1219,0.13404159868225204
1220,-0.21828227597536232
1221,-0.04859070004606647
1222,-0.062035006841848955
1223,-0.05861355336793538
1224,0.06892692916302484
1225,0.01921617646555355
1226,-0.08770328848753192
1227,-0.0371955019346712
1228,-0.12343149876234336
1229,0.009920145072551234
1230,-0.019759925122286727
1231,0.059386468069968536
1232,-0.0963156477927
1233,0.2062585434223039
1234,0.16688792705205963
1235,0.06355082751159216
1236,-0.15495848173900323
1237,-0.02449971773228835
1238,-0.029871432321588925
1239,0.14395278910849646
1240,-0.2709193338596659
1241,-0.039082603105763336
1242,-0.05966484158143611
1243,-0.4451445389647446
1244,-0.08251325373419179
1245,-0.03289992289598068
1246,-0.08174092959861423
1247,0.02316045628899214
1248,0.07048485711648592
1249,-0.2517090359721664
1250,-0.08221867815170536
1251,0.07191737677966342
1252,0.04537368659222538
1253,-0.11731486017021811
1254,-0.07911805706027294
1255,-0.07403827805698412
1256,0.14333088995872068
1257,-0.13762979484419988
1258,0.05708116232706007
1259,0.008374806317478875
1260,-0.09972945974899192
1261,-0.37857226542861633
1262,-0.033438663215494255
1263,0.02568523486208612
1264,0.07349156898941628
1265,-0.030012691930508067
1266,0.06224217504919375
1267,0.018908382324743796
1268,0.008360951232568435
1269,-0.31179902065114135
1270,-0.12330479837016861
1271,0.07266606035933323
1272,-0.06689713025969278
1273,-0.05052325401350391
1274,0.021029366289019157
1275,-0.0664738930118144
1276,-0.041557476592346064
1277,-0.07796130791359143
1278,0.07520381202945142
1279,0.04196587382796913
1280,-0.08629524081707551
1281,-0.022033876986743185
1282,0.11225242352574599
1283,0.035965487241451634
1284,-0.1815961139398229
1285,0.022908705674786235
1286,0.08011112022012684
1287,0.039692354017718985
1288,-0.18213231684693496
1289,-0.12602498712033547
1290,-0.4589486730610298
1291,-0.48978346525677013
1292,0.14899906446930167
1293,-0.2848840033204963
1294,0.08025366398917144
1295,0.13378631098018412
1296,-0.04901304595635457
1297,-0.0760091195480603
1298,-0.12614421955505242
1299,0.10791076900007504
1300,0.011620969239951158
1301,0.08359036996692484
1302,-0.09701054221895136
1303,-0.02130347200397489
1304,-0.10939162914587397
1305,0.04978931776405627
1306,0.03673326982762807
1307,0.0029574798637513194
1308,-0.20879721471795487
1309,0.03413728396564559
1310,0.17903721202267603
1311,-0.019981846764734107
1312,-0.04059761267768313
1313,0.0875528328643207
1314,0.09218875548679265
1315,-0.08689648940195024
1316,-0.21923741448352263
1317,0.07162144760044237
1318,-0.07940264303264599
1319,-0.17401303980592725
1320,-0.14013702450341156
1321,-0.10730685672221169
1322,-0.045640437060657124
1323,-0.16590892460108472
1324,0.06799297068833435
1325,-0.4360019876706692
1326,0.0317352369949841
1327,-0.12041077330997504
1328,-0.1330828698897898
1329,0.05381495360238157
1330,-0.14787909176353
1331,-0.036488300833451795
1332,0.07609500056459367
1333,0.020724513294447015
1334,-0.09517307422653698
1335,0.022539584092817096
1336,-0.07662200252346352
1337,-0.13917909544839235
1338,0.16241022448864265
1339,-0.2999207625531212
1340,0.02825760747945557
1341,0.24206914444725244
1342,-0.08641157802167487
1343,0.14008930811065895
1344,0.15984270100805
1345,-0.17749400561316805
1346,-0.04771795882510546
1347,-0.15786290740687578
1348,0.020775535347969894
1349,0.17536377966130762
1350,0.09178306966269101
1351,0.03742239099940083
1352,-0.09114767168232912
1353,0.18669865642022387
1354,-0.039834509407189994
1355,0.015217692201002324
1356,-0.10931654011818925
1357,-0.08218859566998983
1358,-0.056767246358801024
1359,-0.0054442798630314065
1360,-0.028542440322730303
1361,-0.0018160643877807789
1362,0.03313856175163359
1363,0.018844496414789018
1364,0.16698573139855158
1365,-0.12323602292761227
1366,-0.7107632434763117
1367,-0.027846060706516292
1368,-0.03663674188350985
1369,0.06819300974927839
1370,0.06350653314272908
1371,-0.12343792176933438
1372,0.1330949927229326
1373,0.23395704109845503
1374,0.08877081969858408
1375,0.23339698284050095
1376,-0.4675837254155514
1377,-0.011598725608908317
1378,-0.10397404106246871
1379,0.0034841910347298555
1380,0.09641693026191417
1381,-0.18304700524380052
1382,-0.08148069838306132
1383,0.07786567465094993
1384,-0.15783251273931495
1385,0.0396888722805289
1386,-0.18704390809579785
1387,-0.08332240929781823
1388,0.1275360829532159
1389,-0.10112562597707554
1390,0.1475949749247931
1391,0.012058445303100414
1392,0.18216317543690344
1393,-0.009451164007873658
1394,-0.13789490158517426
1395,0.16150556672760466
1396,-0.15694735632705797
1397,-0.0954897066027392
1398,0.052594195732617734
1399,0.06993759200051605
1400,-0.22545495022637468
1401,-0.07198317941193107
1402,-0.18408983599006906
1403,0.08338212331937714
1404,-0.030853851459131974
1405,-0.031728264114478696
1406,-0.4382006741986537
1407,-0.05263959114730048
1408,0.13858591780418372
1409,-0.24966888604854748
1410,-0.1055486593411229
1411,0.02484198740381211
1412,0.10798173846211617
1413,0.06469425324748995
1414,0.09609059694574534
1415,0.04409302783907252
1416,0.06936700136056698
1417,0.059095122471893836
1418,-0.12760712283171588
1419,0.13056810942271735
1420,0.01206434199981183
1421,-0.24426770080281282
1422,0.0183932743981138
1423,0.003250823052181738
1424,-0.2988390148327757
1425,-0.05834074004632624
1426,0.02250163160257907
1427,0.027945307344030286
1428,-0.001938858517916621
1429,0.07844961621625451
1430,-0.09084439914659255
1431,-0.18157875410851085
1432,-0.05721462315448033
1433,-0.13722083004354726
1434,-0.16156911358193465
1435,0.09544707126074087
1436,0.1766799241280565
1437,0.010180847192160725
1438,0.07462377585830254
1439,0.04165558994253319
1440,0.11935348052629713
1441,-0.04965361198676298
1442,0.09634155245947362
1443,0.08045678807875872
1444,-0.01212321988854307
1445,-0.06378155616402406
1446,-0.4102011125417992
1447,-0.14762380681990234
1448,-0.04226621685540358
1449,0.11548238953900969
1450,-0.10027055602297402
1451,-0.45853589918382776
1452,0.06920074916003002
1453,-0.14195131537430858
1454,-0.23281930715268678
1455,-0.06755582006493024
1456,-0.09130849582637707
1457,-0.034176173034592056
1458,-0.22531652111291633
1459,-0.1888542760608614
1460,0.11354893840087574
1461,-0.33920402820624185
1462,0.004859888526609901
1463,0.12766436480155632
1464,-0.18685740619812655
1465,-0.9572244467421921
1466,-0.025567417274836142
1467,-0.16257842334461703
1468,0.05005463306685717
1469,0.03180326071468937
1470,0.08526772480670347
1471,0.07239416458134304
1472,-0.30313609636506456
1473,-0.3037896189287032
1474,0.15753719566822288
1475,0.02754853309257555
1476,0.03383517259030006
1477,-0.11373039821697786
1478,0.05467502644960603
1479,-0.18469571208359087
1480,0.022258799991701765
1481,-0.015603815763969978
1482,-0.15398647371617857
1483,0.11408983755519564
1484,0.0176640359740766
1485,-0.011413249835444783
1486,-0.4323864571094917
1487,0.06117277067528335
1488,-0.16475890799528892
1489,-0.04657132298015266
1490,-0.19148207814941332
1491,-0.1519324030236625
1492,0.09872325219049649
1493,0.1523241249491768
1494,0.010115419217905347
1495,0.018179332403817257
1496,-0.36933850856583916
1497,-0.21752185182599662
1498,0.012526532505990194
1499,0.04764703701587814
1500,0.06399509412171478
1501,-0.1205906626923264
1502,0.10393766588480347
1503,-0.1683548932275789
1504,0.07649036185574459
1505,0.04579623991946615
1506,-0.11380948337998148
1507,-0.08066908324915038
1508,0.14478241682329462
1509,0.07705017651246973
1510,0.02763332760231147
1511,0.08644065130516276
1512,0.11625924158741632
1513,0.02553234996009659
1514,-0.16333725875308464
1515,0.06510826135819847
1516,-0.16266105340653456
1517,-0.18398336087177775
1518,0.11640847280024424
1519,-0.026436745984048392
1520,-0.23836295086656883
1521,-0.022893424826019713
1522,-0.07518975262677631
1523,-0.05251912236355921
1524,-0.07884190689482697
1525,-0.13886598381506118
1526,-0.24111009288453172
1527,0.08862130891539477
1528,0.06236544630670033
1529,0.11733437574960609
1530,0.0163920105131403
1531,-0.13157217205627772
1532,-0.16544093768786045
1533,-0.029242754763714313
1534,-0.0871937419904358
1535,0.1335538431973584
1536,0.08238168873758797
1537,0.06865678334966172
1538,0.009139912750671261
1539,-0.12481513929348437
1540,0.07608969986817993
1541,0.07818121465356842
1542,0.06864692574268663
1543,-0.17639997811510105
1544,-0.20145968900126848
1545,0.01994352904526301
1546,-0.316405927033252
1547,-0.096982183869362
1548,-0.10137727771431626
1549,-0.05574998644134521
1550,-0.054470706758324786
1551,-0.13598199404436614
1552,-0.03365539423803013
1553,-0.14128834397084428
1554,0.09115053262018569
1555,-0.14535240924953483
1556,-0.14487111749508438
1557,0.1099990838174146
1558,0.11656730814335922
1559,0.06045664766605389
1560,-0.08253465524034108
1561,-0.442785009666635
1562,0.017781599833750973
1563,0.06098296625990877
1564,0.07106310205513947
1565,-0.23547146679560335
1566,-0.1131042266912026
1567,-0.060756443364829174
1568,-0.1694890951815983
1569,-0.09319370097232754
1570,-0.06953131722172884
1571,-0.6535538689295034
1572,-0.07918045581682945
1573,-0.4645244170488641
1574,0.009094742368370212
1575,-0.42473335146682784
1576,0.05788612796713747
1577,0.09597554767159105
1578,0.037855680942767485
1579,-0.12686466856528694
1580,-0.06229742833267307
1581,0.057561062927118566
1582,-0.07296868237901019
1583,0.07289949030574688
1584,-0.04414559540098825
1585,0.19385595932977517
1586,-0.21070117335576202
1587,-0.061756074134988403
1588,-0.03771561170343488
1589,-0.25970966193461026
1590,-0.10199758123102462
1591,-0.028769706302822523
1592,-0.5592922096569887
1593,-0.1073133912381146
1594,0.016794452461045807
1595,-0.270657497055482
1596,0.03019568645529324
1597,-0.2018892686003708
1598,0.02966819091961754
1599,0.09613696554677323
1600,-0.09224704257765365
1601,-0.031079430364555884
1602,0.09841350003165314
1603,0.002317776990749351
1604,-0.13791432409347767
1605,0.11386998236182691
1606,-0.05526325164865664
1607,0.024220105646088987
1608,-0.13016271733665927
1609,-0.24878351739986188
1610,-0.053744881591159685
1611,-0.04755372302624379
1612,-0.004960977855984337
1613,0.03474850271145052
1614,-0.18874987045830496
1615,-0.05641161979654803
1616,-0.15039049925342907
1617,0.08448566230322546
1618,-0.011475491568630973
1619,0.05423222867203833
1620,0.009787489577164188
1621,0.1870425834287992
1622,-0.04248205354957864
1623,0.00476837954368018
1624,-0.022760620012654328
1625,0.02577078373688107
1626,0.05809090628900076
1627,-0.10404931870474152
1628,-0.1084318612451636
1629,0.15955214580916574
1630,-0.16047169711112552
1631,-0.5769950910772028
1632,-0.08957787470250456
1633,-0.013953160207162939
1634,-0.31772209348902225
1635,-0.09342985472410328
1636,-0.10023595285731518
1637,0.055421893322563955
1638,-0.17522195411854222
1639,0.07522761081768395
1640,-0.32125128651942664
1641,-0.0187205593338699
1642,-0.17697805515034704
1643,-0.21347482385635416
1644,-0.19374121105675568
1645,0.13238430027752046
1646,-0.03499219408145439
1647,-0.08529988500760671
1648,0.010530810824964348
1649,-0.14153201102654883
1650,-0.09655149239353444
1651,-0.1000188486027668
1652,-0.13765122265721616
1653,0.12502439393167855
1654,0.28701558854164094
1655,-0.06870498750764363
1656,0.04391135951362828
1657,0.19984572875699427
1658,0.12467527135198636
1659,0.15203797700702668
1660,-0.12921307783075298
1661,-0.14620270570263566
1662,-0.04684993363428106
1663,-0.027955327790584215
1664,-0.10774368734818951
1665,-0.20945360338217053
1666,0.00019429339807481433
1667,-0.1715765294030204
1668,-0.10154151093058686
1669,-0.08815993357646487
1670,-0.14223322727761062
1671,0.05565906837360666
1672,0.06783251674593752
1673,0.06147488239885312
1674,-0.9741883401788234
1675,-0.10309943547938832
1676,-0.01699562811747333
1677,-0.035756129448084
1678,-0.11648504362493231
1679,-0.1212046539929808
1680,0.05607746470737914
1681,0.2138955375525692
1682,-0.180796493281137
1683,-0.22332189938449432
1684,-0.23453256513013568
1685,-0.11461777232295733
1686,-0.5782440003332135
1687,0.10235240817625119
1688,-0.05136131690005128
1689,0.13209619790106486
1690,-0.03548395762962113
1691,0.07200735429488159
1692,-0.14078856430624595
1693,0.12783130805141285
1694,-0.10941349393510175
1695,-0.10264003924903625
1696,-0.04257669168662061
1697,-0.02374844630423372
1698,0.012351654202703212
1699,-0.24790908788290228
1700,-0.2372586020572129
1701,-0.03374871013106932
1702,-0.05230313410536965
1703,0.02000318907171956
1704,-0.0074308106463667895
1705,0.01866602562631845
1706,-0.02589187681855648
1707,-0.32550910261427546
1708,0.01941607724349203
1709,0.009320468656063369
1710,0.09618012903433776
1711,-2.327907224194073
1712,-0.09897237880697582
1713,-0.17007049050227127
1714,0.06374840727078385
1715,-0.5639023159973496
1716,-0.09036094405334442
1717,-0.37550697029124014
1718,-0.44243722502607724
1719,-0.045290489051345556
1720,-0.2182048328877011
1721,0.17667937239362586
1722,0.15379066389081053
1723,-0.19251697459402567
1724,-0.007130996558206454
1725,0.007806090389685029
1726,0.23454467240412633
1727,-0.052939893563873665
1728,0.08043616327798483
1729,0.07209709707330436
1730,-0.1927295161523021
1731,0.014697486498186703
1732,0.05765826757020511
1733,-0.0972467230443927
1734,0.07373002477464499
1735,-0.007669139143496734
1736,-0.30526868531311946
1737,0.14147152998815943
1738,-0.15678725173461686
1739,-0.015437509453953058
1740,-0.14436970742412364
1741,0.13148681442354443
1742,0.13464917848824515
1743,0.17870470281033218
1744,-0.10388204765054904
1745,0.10859178737374711
1746,0.10182886365638019
1747,-0.03335477270653163
1748,-0.12133643220704274
1749,0.15407023826481706
1750,0.047067864087716495
1751,0.01456863500037612
1752,-0.14860827036413485
1753,0.07089761835614505
1754,-0.049575390177010896
1755,-0.11432079991578434
1756,-0.004672973714808515
1757,-0.0709760864503821
1758,-0.0850396822417839
1759,-0.11230673246604614
1760,-0.1995428170670276
1761,-0.16388335278821464
1762,0.11655650317814287
1763,0.02856621272503109
1764,-0.4473853920413156
1765,0.14896692652951488
1766,0.15654487460905295
1767,0.22657642582660711
1768,0.12468559567187296
1769,-0.0046368615398680105
1770,-0.06650413826867321
1771,0.1543906071316956
1772,-0.13226486286939726
1773,-0.23105527705441495
1774,0.04081977922260673
1775,-0.07718603474155968
1776,0.0819272367870775
1777,-0.018181392814781885
1778,-0.09466766712678304
1779,-0.1848250403622024
1780,-0.18932671714238758
1781,-0.10768438794635932
1782,-0.04399342325231127
1783,0.07561172601856095
1784,0.044275052455402204
1785,0.13474621792020972
1786,0.036268419054464825
1787,0.09824345896490955
1788,0.08830451410998874
1789,0.0022882883234274162
1790,0.1748366467826582
1791,0.14918796939498208
1792,0.04801102331376852
1793,-0.02461819969702837
1794,0.05298766023290478
1795,-0.2635268491122037
1796,0.0967735686072462
1797,-0.9511486295035901
1798,-0.02494883743793565
1799,-0.06803141678726925
1800,-0.15910723423807416
1801,-0.10586701372900018
1802,-0.04478030579126627
1803,-0.3554982144893599
1804,0.10365424392103526
1805,-0.03979912203697908
1806,-0.21962864558158332
1807,-0.04569668845724997
1808,0.03678512829198478
1809,0.132124250078908
1810,-0.1070348880327496
1811,0.16775345031173813
1812,0.06445608716779089
1813,-0.096419954163237
1814,-0.09992743266113743
1815,-0.11314017637529833
1816,0.06686372278264124
1817,0.09119867413715926
1818,-0.053554786547249836
1819,0.12508665096540256
1820,-0.06402690497020415
1821,-0.08695384721070468
1822,-0.11160240607885277
1823,-0.17986606007394002
1824,-0.15461016719525197
1825,0.07575308418399923
1826,0.06516569749819143
1827,-0.15218670626658554
1828,0.2283572598953583
1829,0.0033239657210981655
1830,-0.15463387898928588
1831,-2.038531490667848
1832,-0.11054299965759903
1833,0.059740729491261226
1834,0.09056200848090903
1835,-0.07077653426604373
1836,-0.022185740002136967
1837,0.03656365045891439
1838,0.09100446619524374
1839,-0.08071736423813361
1840,-0.08917320549295168
1841,-0.06624660723169365
1842,0.10666200604926324
1843,-0.13900932836878857
1844,-0.8139571429655897
1845,0.03253159934026235
1846,0.0056285696967688995
1847,-0.054503928403348376
1848,-0.2057806844089982
1849,0.03215655852992589
1850,-0.0323214386873346
1851,0.0783989195249396
1852,-0.060088437743659635
1853,0.009722181773786281
1854,-0.08517584351670537
1855,0.089428615807703
1856,0.06061973352733322
1857,-0.03864498710897239
1858,0.2096445520664678
1859,-0.08520746869674703
1860,0.08054025181368349
1861,-0.03580919215265681
1862,-0.046551014776292775
1863,0.08140699116977079
1864,-0.01932160445166803
1865,-0.4932585919853887
1866,0.1605042112336652
1867,0.05513653433109759
1868,-0.14793562103846025
1869,-0.3830954065122554
1870,-0.0546065468550989
1871,0.05604812623034796
1872,0.14747329350911664
1873,0.1619777489782131
1874,-0.2528223595532898
1875,0.14646973581345102
1876,0.08799090836143725
1877,-0.20081436328115576
1878,0.01824249327408984
1879,-0.20218523731864854
1880,0.028940694788357542
1881,0.053025516434558655
1882,-0.10307385325227653
1883,0.09665703222544805
1884,0.01886761057610408
1885,0.11952079036809893
1886,-0.04233283273967707
1887,0.008130790506218594
1888,0.06191134847479774
1889,-0.11367791115846304
1890,0.10833588504972327
1891,-0.04461221738237475
1892,-0.15620018507883893
1893,-0.15919137584939794
1894,0.034912433399755256
1895,0.044916145782195764
1896,0.15475838361865352
1897,-0.23699323051208704
1898,-0.03114670279942225
1899,0.014064292012106995
1900,0.030968131490258323
1901,-0.046088855394212896
1902,0.13496255240596342
1903,-0.010634327605913235
1904,0.17967617318439122
1905,0.06725347281425215
1906,-0.06355679669498634
1907,-0.18546784745840333
1908,0.022740648597771716
1909,0.0994982984178523
1910,0.05157188899950369
1911,-0.14394648563823523
1912,-0.08389690302539174
1913,-0.07482786922738152
1914,-0.10880382757116058
1915,0.035835222871989626
1916,0.013282464706352491
1917,-0.0176744955691433
1918,-0.0847416113706887
1919,-0.0594099170353678
1920,0.029841765224831694
1921,0.15625222182410625
1922,0.0781366024149302
1923,0.15568160096259404
1924,0.17737300396433472
1925,0.025801369485975424
1926,0.03181493908615427
1927,-0.30488586899199416
1928,-0.1378513769710608
1929,0.005838858766632635
1930,-0.1631070602426024
1931,-0.0211156932246562
1932,-0.025085303745509248
1933,0.15445896120773195
1934,-0.039164146532414304
1935,-0.10943821488819286
1936,0.06275933007726608
1937,-0.38303615761830784
1938,0.05610806440493105
1939,0.07579197248357242
1940,-0.10009980222445575
1941,-0.30486404366765313
1942,-0.2587958162353112
1943,0.10601120626627597
1944,-0.27095470299700064
1945,-0.05146115075925138
1946,-0.014728698733937805
1947,-0.05640546655114885
1948,-0.02699083262582802
1949,-0.06600088616605192
1950,-0.12262594053369114
1951,0.08553824508675639
1952,-0.07251603851439092
1953,-0.034884938045582736
1954,-0.27846033212250043
1955,-0.013878953633248224
1956,0.043278224916791556
1957,-0.3491675195973208
1958,0.03989068297188623
1959,-0.011100389186970039
1960,0.026947561766337953
1961,0.17148390344454037
1962,0.15223511198892362
1963,-0.01490563949545954
1964,0.10836363609419314
1965,0.0635377683999544
1966,-0.0980850019188231
1967,-0.23802143772849227
1968,-0.1129839133595834
1969,-0.0581739482281734
1970,-0.05296106743574784
1971,-0.12244889162186895
1972,0.15727200594835636
1973,0.12725036491283975
1974,0.026274157952952355
1975,-0.07903668783075983
1976,0.05556077848270439
1977,-0.03228846656551371
1978,0.0017754530534544802
1979,0.10200650493262
1980,-0.0339986443981468
1981,-0.15973363290046452
1982,-0.3863291874012164
1983,0.07985284120273478
1984,-0.18944538452053383
1985,0.17179105011263732
1986,-0.06448791349361828
1987,-0.040531848786520476
1988,0.07100730316161666
1989,-0.10275108436760352
1990,0.05938024667128761
1991,-0.03321161052750754
1992,-0.05783134241333175
1993,-0.2577761400657385
1994,-0.035037344667912196
1995,-0.05294469940054093
1996,-0.3806252044382464
1997,-0.7907444463201354
1998,0.04785469389549305
1999,0.012328082572727557
2000,-0.04909859964351801
2001,0.09717192533801577
2002,0.06982900665517361
2003,0.18036978112804397
2004,0.10543779357631172
2005,-0.23974131305386842
2006,-0.144539480443892
2007,0.018147652489523623
2008,0.008756322070017059
2009,0.21952600465780522
2010,0.05019151123434585
2011,-0.06847195033114305
2012,0.05419090954836082
2013,0.0556010534675549
2014,-0.17345638801648885
2015,-0.043931910431490334
2016,-0.0030962950582676604
2017,-0.05025297347001769
2018,-0.11199733719681226
2019,0.1317702300058848
2020,-0.14993971932461725
2021,-0.273934169825628
2022,-0.22536178278963243
2023,-0.02124447889161926
2024,0.017579333281766606
2025,0.1422793693118365
2026,-0.16718934241557964
2027,-0.06184608675627944
2028,0.10386550578534387
2029,0.10452357418638775
2030,-0.16568777762783266
2031,-0.027550452104929735
2032,0.08958555920979319
2033,-0.1905511378861365
2034,0.01387094204242962
2035,-0.024272457808284822
2036,0.14041601913558777
2037,0.15499192043889273
2038,0.06734894122882312
2039,0.1593773424271388
2040,0.02910103678650206
2041,0.059409202409318705
2042,0.050062173177189674
2043,-0.03307887382329356
2044,0.07138296744527972
2045,0.13194431475538412
2046,-0.07654941292828019
2047,-0.054686367332749015
2048,0.019601623274280132
2049,-0.17956302101515653
2050,0.008704458983600949
2051,0.17008152502436458
2052,-0.09962861384694956
2053,-0.030131814189236262
2054,-0.24633155071450114
2055,0.002696095505126027
2056,0.09251722520039454
2057,0.14550913707671653
2058,0.02480179096880939
2059,-0.10691583502050214
2060,-0.19191040082616473
2061,-0.1442602660950221
2062,-1.3445961146790066
2063,0.1688972252656724
2064,0.0073062083682209
2065,-0.05237733678240856
2066,-0.4550816137811483
2067,0.11264867772819698
2068,0.027169061927415257
2069,-0.03030385874472713
2070,0.09446507710077104
2071,-0.20178194019687895
2072,-0.22179382997179775
2073,0.11159108093971756
2074,-1.5994789094193291
2075,0.00757995097325613
2076,0.11415192228988999
2077,-0.20461904836901518
2078,0.13978434910242155
2079,-0.05721752390225423
2080,0.11003344039701612
2081,0.1284754045714476
2082,-0.1231729504562131
2083,-0.19471972386805386
2084,-0.07396649815944621
2085,-0.3769430235135734
2086,-0.036289872422556796
2087,-0.07732436958081261
2088,0.0229203691913435
2089,0.00815327461496769
2090,-0.05401993027664847
2091,-0.11184445856686649
2092,-0.06870361593999975
2093,-0.19879319266055956
2094,-0.08734636555017523
2095,0.08317395288752955
2096,0.04819786494742379
2097,0.026340220596004736
2098,0.05068897550236585
2099,-0.12673386665076092
2100,0.1320742084354377
2101,0.051399836390383626
2102,-0.11289678803054387
2103,-0.028815809524693287
2104,-0.22985570136910088
2105,0.025727285661873385
2106,-0.34501051492228485
2107,0.17681326938705344
2108,-0.05784879022091441
2109,-0.14989368962537664
2110,0.00467518982265961
2111,-0.12175873313056654
2112,-0.021595065063784846
2113,0.12389685393312028
2114,-0.6182533196812317
2115,0.07079461840731957
2116,-0.1964260991295279
2117,-0.12402482831665976
2118,-0.01933347285034622
2119,-0.04961331965052682
2120,-0.04010007632722906
2121,-0.34205608242293634
2122,-0.059228459040194775
2123,-0.14644427711014515
2124,0.04177308685697243
2125,0.038032671657956436
2126,0.14210498816992506
2127,0.1199362039438937
2128,0.04487580325491836
2129,-0.14848269653134452
2130,0.00843321472395471
2131,0.10286393454729881
2132,-0.01733730300504365
2133,-0.031025420657074993
2134,-0.2435312483414141
2135,0.05469698582342961
2136,-0.3579031515542475
2137,0.02264522112923275
2138,0.11522218409627463
2139,0.0099092396502026
2140,-0.23397840610394366
2141,-0.21832671644694812
2142,-0.10460570235979504
2143,-0.0857492571103941
2144,0.046670380860639106
2145,-0.5141948645751762
2146,0.08456127329780638
2147,-0.26035949925659924
2148,0.05227392482706394
2149,-0.053876370766016604
2150,0.20180211482030805
2151,0.16735907701143476
2152,0.02603467318139307
2153,0.03443669566306002
2154,-0.260669584350443
2155,-0.040159264735192865
2156,0.04319615267333821
2157,0.019951677862503563
2158,0.012696027149276638
2159,0.10447121657770511
2160,0.14910988472147232
2161,0.057721954716000716
2162,0.04874440214447196
2163,0.08913096259614756
2164,0.10924763792690362
2165,-1.7539668443132561
2166,0.05175707389440382
2167,-0.11183119421436101
2168,-0.05583914790535958
2169,-0.09649379625139615
2170,-0.38802571858557705
2171,0.06628167939533916
2172,-0.20741816420398412
2173,-0.0896106030512408
2174,0.018712340093778125
2175,-0.23394339327111052
2176,-0.14671471165769556
2177,-0.39602588441679654
2178,-0.04774775338511536
2179,0.11292207867626672
2180,0.05564747873620721
2181,0.08906967939738922
2182,-0.041168109480133636
2183,-0.30622332324332
2184,-0.1504289504683474
2185,-0.3156303760741486
2186,-0.8096246223668795
2187,-0.10237718130889997
2188,0.04383635571426437
2189,0.07994853980509073
2190,0.10486137498967843
2191,-0.17237512883502407
2192,0.20575762762379354
2193,-0.17124239170866065
2194,0.02474698918527695
2195,0.2598009386721616
2196,0.18265708388051638
2197,-0.07836787529987391
2198,0.0452537647224679
2199,0.04867849982298992
2200,-0.41942934697645573
2201,-0.011877539098163768
2202,0.23800342869278032
2203,-0.0026842027356026865
2204,-1.5378275031819337
2205,-0.09526659242727101
2206,0.1381079274438749
2207,0.07276973536998577
2208,0.06308974192375957
2209,-0.17161172648778977
2210,-0.13062489140894398
2211,-0.05242173200648145
2212,0.03316156013335892
2213,0.022833028051891364
2214,-0.01879667396206739
2215,-0.8572311442904359
2216,0.1473581851682307
2217,0.03953964087715104
2218,-0.048250012969413926
2219,-0.08524110052572134
2220,0.1287364628656627
2221,-0.23895771320747428
2222,-0.09758415412704216
2223,-0.05759298795302327
2224,0.1543029907950594
2225,0.08623514066196908
2226,-0.0017135824343400899
2227,-0.011969541680624939
2228,0.061740469929896936
2229,0.14645191706753236
2230,-0.11214703431416465
2231,0.055602074668797484
2232,-0.07702467180718613
2233,0.07597055209122
2234,-0.11185341967271878
2235,0.0823223930284657
2236,-0.021548819899571553
2237,-0.0393619207984225
2238,0.07254579412337939
2239,0.12756481296789962
2240,0.01002612638305958
2241,0.13425408992407503
2242,-0.012237157215910816
2243,0.0140596193649963
2244,0.14816062640468003
2245,-0.038953977669648365
2246,-0.20937130309433954
2247,0.17703582027647957
2248,-0.006660484908228292
2249,0.0019926116065462213
2250,0.07910682764729043
2251,-0.160833528480321
2252,-0.029769357538000637
2253,-0.10248186869687989
2254,0.13734424555539598
2255,0.006993865244581732
2256,0.15160266931791455
2257,0.09719553190847793
2258,0.07839922846217923
2259,0.11203075843821092
2260,-0.009388638994656917
2261,0.05813086024549081
2262,-0.10514529160003255
2263,-0.8717028728866586
2264,0.003767047642918936
2265,0.19129075832969544
2266,0.12464230856240435
2267,0.021302772132351093
2268,0.04197279073552732
2269,-0.16552263497233918
2270,0.004594048061318856
2271,0.11422920862391764
2272,0.0383681122774206
2273,0.12904651145454782
2274,-0.07128169635107481
2275,-0.2693025465356448
2276,-0.022370345111018857
2277,0.1472348066009906
2278,0.008397304799869887
2279,0.04533111479687423
2280,0.005784816816971183
2281,0.08438890782710898
2282,-0.2379860519227655
2283,0.006672396226654297
2284,-0.04931849900423376
2285,-0.28480544741615
2286,-0.4058087186052086
2287,-0.11485122911406659
2288,-0.10163134605155111
2289,0.0584451770306045
2290,-0.0493905767796648
2291,-0.376257086019299
2292,0.06426142408451713
2293,-0.007290928059402971
2294,-0.12639814167221627
2295,-0.006763545741181841
2296,0.06485381611446875
2297,-0.08707291296137354
2298,-0.19071845573465745
2299,-0.018951891946193455
2300,0.20425705958993048
2301,-0.1346456244206312
2302,-0.03940521642147883
2303,-0.132526529092603
2304,-0.04236137889526354
2305,-0.2988230931399759
2306,0.005246095602612362
2307,0.0010278869600026108
2308,-0.2673178424699051
2309,-0.02245892849314987
2310,0.022918048705015993
2311,0.06533553562442193
2312,-0.03205426282335358
2313,-0.04400359270563395
2314,-0.11068226539483719
2315,-0.1394759272183445
2316,-0.04671269045585587
2317,-0.0002569183823670773
2318,-0.1810005389278939
2319,-0.0040826023630141095
2320,-0.02864050745041727
2321,0.003640711611432812
2322,-0.12201472015775275
2323,-0.16269220178057622
2324,-0.09133191012089503
2325,-0.1530140748008108
2326,-0.47493046555190566
2327,0.05267073016407243
2328,0.04845595163890221
2329,-0.13829440700421208
2330,-0.0014899834031055909
2331,0.012908687995827235
2332,-0.038294313583475674
2333,0.1523679742196687
2334,0.06365248157586043
2335,-0.11829558125383494
2336,0.1791200563606345
2337,-0.02279762195928167
2338,-0.10423890074011241
2339,-0.04088282094077672
2340,0.051248628686327465
2341,-0.1918434480589561
2342,0.07955703894527497
2343,0.060759423322839075
2344,0.030054143191212183
2345,0.0218129082124131
2346,-0.07034879413344608
2347,-0.06060068105362794
2348,0.026612444781263893
2349,-0.14221700093819872
2350,0.14627228109709728
2351,-1.0166645233875775
2352,0.10787545307825111
2353,-0.04378116366640132
2354,0.009073259562600564
2355,-1.324707754820131
2356,-0.04982441804079613
2357,-0.048377437797371456
2358,0.03602934363695456
2359,-0.03942191238329324
2360,0.22532269361137894
2361,-0.08777895696231766
2362,0.2838352758314163
2363,-0.004974563637088904
2364,-0.4475446893333586
2365,-0.287539630497511
2366,-0.08159563324790392
2367,-0.018485204611680954
2368,-0.015840192532436327
2369,-0.13582519770875215
2370,-0.06671119976575007
2371,-0.04956297644573986
2372,-1.3212979791556556
2373,-0.2953840773801227
2374,-0.05486470184899815
2375,-0.0020592689185885
2376,-0.04612395275872403
2377,0.12290207605512143
2378,0.027218734910525837
2379,-0.04094513381489628
2380,-0.16772215870361457
2381,-0.003342053414737381
2382,-0.05801775593822269
2383,-0.13943595351883253
2384,-0.042761906335397386
2385,0.04550355299004504
2386,0.042347733369077746
2387,-0.4758471419662461
2388,0.12624421370293737
2389,0.03480153479329775
2390,-0.10620608259429523
2391,0.15636075611617145
2392,-0.08953538058983959
2393,-0.05340222337541668
2394,-0.06553400943896968
2395,-0.34271245443010256
2396,-0.18861582143159034
2397,-0.21858204751178
2398,0.13558656198505986
2399,0.009758408757752766
2400,-0.44429699926314864
2401,0.02879656813570975
2402,0.02598153201909293
2403,-0.29847451448617157
2404,0.12828113637464528
2405,0.057533565545567024
